id,cargo,sexo,departamento,nivel,sueldo_base,quinquenio_5,quinquenio_10,quinquenio_15,asig_responsabilidad,asig_especial,asig_jjtt,asig_jerarquia,horas_extras,bono_invierno,total_imponibles,desgaste_instrumentos,asig_movilizacion,total_haberes,total_descuentos,liquido
1,MUSICO  VIOLINISTA TUTTI,M,Orquesta,Tutti,1710373,25656,25656,25656,0,0,0,0,0,83479,1870820,236467,0,2107287,451659,1655628
2,MUSICO  VIOLINISTA TUTTI,F,Orquesta,Tutti,1710373,25656,25656,25656,0,0,0,0,0,83479,1870820,236467,0,2107287,837126,1270161
3,MUSICO ASISTENTE DE FILACORNOS,M,Orquesta,Asistente de Fila,1702203,28724,28724,28724,212780,0,0,0,0,83479,2084634,276899,0,2361533,425322,1936211
4,ARCHIVOS MUSICALES Y COPISTERIA,M,Orquesta,Tutti,1657552,24864,24864,0,0,0,0,0,0,83479,1790759,0,0,1790759,497748,1293011
5,MUSICO TUTTI TROMBON,M,Orquesta,Tutti,1715426,28948,28948,28948,0,0,0,214434,0,83479,2100183,572096,0,2672279,875360,1777946
6,ASISTENTE DE FILA CLARINETE,M,Administración,Asistente de Fila,1715426,0,0,0,0,0,0,214434,0,83479,2013339,1231752,0,3245091,394311,2850780
7,MUSICO  TROMBON BAJO,M,Orquesta,Tutti,1710373,0,0,0,0,0,0,0,0,83479,1793852,286048,0,2079900,361435,1718465
8,ASISTENTE CONCERTINO,F,Orquesta,Asistente Concertino,2127793,38939,38939,38939,468125,0,0,0,0,83479,2796214,236467,0,3032681,666461,2366220
9,MUSICO TUTTI CHELLO,F,Orquesta,Tutti,1754840,26322,0,0,0,0,0,0,0,83479,1864641,303867,0,2168508,388679,1779829
10,ASISTENTE CONCERTINO,M,Orquesta,Asistente Concertino,2127793,31917,31917,31917,0,0,0,0,0,83479,2307023,236467,0,2543490,407951,2135539
11,MUSICO TUTTI  VIOLA,F,Orquesta,Tutti,1710373,25656,25656,25656,0,0,0,0,0,83479,1870820,236467,0,2107287,581456,1525831
12,MUSICO JEFE DE FILA OBOE,M,Orquesta,Jefe de Fila,1914988,47820,47820,47820,191495,1081469,0,0,0,83479,3414891,1371306,0,4786197,765512,4020685
13,MUSICO JEFE DE FILA VIOLINES,F,Orquesta,Jefe de Fila,1710373,0,0,0,0,0,0,410490,0,83479,2204342,197056,0,2401398,454916,1946482
14,MUSICO JEFE DE FILA  FLAUTA,F,Orquesta,Jefe de Fila,1702203,31917,31917,31917,425584,0,0,0,0,83479,2307017,1097048,0,3404065,547989,2856076
15,ASISTENTE DE FILA CHELLO,F,Administración,Asistente de Fila,1914988,28724,28724,28724,0,0,0,0,0,83479,2255625,303867,0,2559492,356337,2203155
16,JEFE DE FILA VIOLA,M,Orquesta,Jefe de Fila,1702203,40290,40290,40290,983874,0,0,0,0,83479,2890426,236467,0,3126893,1616072,1510821
18,ASISTENTE DE FILA VIOLA,M,Administración,Asistente de Fila,1710373,0,0,0,0,0,0,213797,0,83479,2007649,236467,0,2244116,784943,1459173
19,MUSICO TUTTI VIOLINES,M,Orquesta,Tutti,1710373,25656,25656,25656,0,0,0,0,0,83479,1870820,236467,0,2107287,799977,1307310
20,ENCARGADA DE CAMARINES,F,Administración,Administrativo,683517,13984,13984,13984,248747,0,0,0,801776,83479,1859471,0,0,1859471,596450,1263021
21,MUSICO ASISTENTE DE VIOLINES,F,Orquesta,Asistente de Fila,1710373,0,0,0,0,0,0,213797,0,83479,2007649,197056,0,2204705,453441,1751264
22,MUSICO TUTTI VIOLAS,M,Orquesta,Tutti,1710373,25656,25656,25656,0,0,0,0,0,83479,1870820,236467,0,2107287,403142,1704145
23,DIRECTOR EJECUTIVO,M,Administración,Director,4859965,0,0,0,0,0,0,0,0,0,4859965,0,0,4859965,937060,3922905
24,MUSICO TUTTI CHELLO,M,Orquesta,Tutti,1710373,25656,25656,25656,0,0,0,0,0,83479,1870820,303867,0,2174687,382322,1792365
25,MUSICO TUTTI TROMBON,M,Orquesta,Tutti,1702203,31917,31917,31917,425584,0,0,0,0,83479,2307017,553798,0,2860815,541772,2319043
26,ENCARGADA DE BOLETERIA,F,Administración,Administrativo,827235,12408,0,0,0,0,0,0,0,83479,923122,0,0,1003847,399279,604568
27,PERIODISTA,F,Administración,Administrativo,1189733,0,0,0,0,0,0,0,0,83479,1273212,0,0,1273212,327110,776102
28,ASISTENTE LOGISTICA Y CONTABILIDAD,F,Administración,Administrativo,1604250,0,0,0,0,0,0,0,0,83479,1687729,0,0,1687729,443184,1244545
29,MUSICO TUTTI TROMPETA,M,Orquesta,Tutti,1914988,39713,39713,39713,732551,0,0,0,0,83479,2850157,553798,0,3403955,1345438,2058517
30,MUSICO JEFE DE FILA CORNO,M,Orquesta,Jefe de Fila,2693862,40407,40407,40407,0,0,0,0,0,83479,2898562,286048,0,3184610,327757,2856853
31,MUSICO TUTTI CONTRABAJO,M,Orquesta,Tutti,1710373,28848,28848,28848,212780,0,0,0,0,83479,2093176,381509,0,2474685,531854,1942831
32,RECURSOS HUMANOS,M,Administración,Jefatura,1625025,27422,0,0,203128,0,0,0,0,83479,1939054,0,0,1939054,482374,1456680
33,MUSICO TUTTI CONTRABAJO,M,Orquesta,Tutti,1715426,28948,28948,28948,0,0,0,214434,0,83479,2157535,343149,0,2500684,448687,2051997
34,MUSICO JEFE DE FILA TROMPETA,M,Orquesta,Jefe de Fila,1715426,32165,32165,32165,428888,0,0,0,0,83479,2324288,596734,0,2921022,480421,2440601
35,ASISTENTE DE FILA FAGOT,F,Administración,Asistente de Fila,1702203,28724,28724,28724,212780,0,0,0,0,83479,2084634,891349,0,2975983,480106,2495877
36,MUSICO TUTTI VIOLINES,M,Orquesta,Tutti,1723653,25855,25855,25855,0,0,0,0,0,83479,1884697,263050,0,2147747,372242,1775505
37,MUSICO JEFE DE FILA  FAGOT,F,Orquesta,Jefe de Fila,2144317,40657,40657,40657,0,0,566113,0,0,83479,2915880,929659,0,3845539,924381,2921158
38,MUSICO JEFE DE FILA CLARINETE,M,Orquesta,Jefe de Fila,2127793,31917,31917,31917,0,0,0,0,0,83479,2307023,1231752,0,3538775,726014,2812761
39,SECRETARIA EJECUTIVA,F,Administración,Administrativo,1124481,0,0,0,0,0,0,0,0,83479,1207960,0,0,1207960,241113,966847
40,DIRECTORA  COMUNICACIONES,F,Administración,Administrativo,2577103,0,0,0,0,0,0,0,0,83479,2660582,0,0,2660582,567131,2093451
41,ENCARGADA DE CONTABILIDAD CONTROL Y SOPORTE,F,Administración,Jefatura,2482675,41895,0,0,310336,0,0,0,0,83479,2918385,0,0,2918385,553461,2364924
42,AUXILIAR ORQUESTA,M,Orquesta,Administrativo,970595,20221,20221,20221,377454,0,0,0,0,83479,1492191,0,0,1492191,230693,1261498
43,MUSICO  VIOLINISTA TUTTI,M,Orquesta,Tutti,1723653,25855,25855,25855,0,0,0,0,0,83479,1884697,214537,0,2099234,431144,1668090
44,MUSICO JEFE DE FILA CONTRABAJO,M,Orquesta,Jefe de Fila,1418503,26598,26598,0,354656,0,0,0,0,83479,1909834,381509,0,2291343,372821,1918522
45,MUSICO TUTTI CHELLO,M,Orquesta,Tutti,1710373,25656,25656,25656,0,0,0,0,0,83479,1951257,303867,0,2255124,392870,1862254
46,ENCARGADO TECNICOS,M,Administración,Administrativo,1455648,27720,27720,27720,392391,0,0,0,1607224,83479,3621902,0,0,3621902,900356,2721546
47,MUSICO  VIOLINISTA TUTTI,M,Orquesta,Tutti,1710373,25656,25656,25656,0,0,0,0,0,83479,1870820,236467,0,2107287,460184,1647103
48,MUSICO TUTTI CORNO,M,Orquesta,Tutti,1652534,0,0,0,0,0,0,0,0,83479,1736013,286048,0,2022061,333733,1688328
49,MUSICO TUTTI VIOLA,F,Orquesta,Tutti,1710373,25656,25656,25656,0,0,0,0,0,83479,1870820,236467,0,2107287,378745,1728542
50,AUDIOVISUALISTA,M,Administración,Administrativo,806307,12095,0,0,0,0,0,0,0,83479,901881,0,0,901881,409455,362426
51,MUSICO JEFE DE FILA PERCUSION,M,Orquesta,Jefe de Fila,1723653,32060,32060,0,0,0,0,413677,0,83479,2284929,263050,0,2547979,674220,1873759
52,MUSICO ARPISTA,F,Orquesta,Tutti,2206074,41033,41033,41033,0,0,0,529458,0,83479,2942110,591865,0,3533975,696230,2837745
53,AUXILIAR CORO ORQUESTA Y TEATRO,M,Administración,Administrativo,1003123,0,0,0,0,0,0,0,426461,83479,1513063,0,0,1513063,299160,1213903
54,ASISTENTE LOGISTICO,M,Administración,Administrativo,685674,0,0,0,0,0,0,0,571567,83479,1340720,0,0,1340720,457069,883651
55,PRODUCTOR,M,Administración,Administrativo,936914,0,0,0,163416,0,0,0,21713,83479,1205522,0,0,1205522,252542,952980
56,AUXILIAR CORO ORQUESTA Y TEATRO,M,Administración,Administrativo,799425,0,0,0,0,0,0,0,449753,83479,1332657,0,0,1332657,252991,1079666
57,AUXILIAR CORO ORQUESTA Y TEATRO,F,Administración,Administrativo,1715426,28948,28948,0,0,0,0,214434,0,83479,2071235,1491832,0,3563067,433479,3129588
58,MUSICO TUTTI CONTRABAJO,M,Orquesta,Tutti,2127793,31917,31917,31917,0,0,0,0,0,83479,2307023,303867,0,2610890,241100,2369790
59,MUSICO  VIOLINISTA TUTTI,M,Orquesta,Tutti,1914988,28724,28724,28724,0,0,0,0,0,83479,2084639,236467,0,2321106,565829,1755277
60,ASISTENTE CORO Y COMUNIDAD,F,Administración,Administrativo,1150200,0,0,0,0,0,0,0,44819,83479,1278498,0,0,1278498,316772,961726
61,MUSICO TUTTI CORNO,M,Orquesta,Tutti,1710373,25656,25656,0,0,0,0,0,0,83479,1845164,276899,0,2122063,460869,1661194
62,PORTERO,M,Administración,Administrativo,1104726,20963,20963,20963,292785,0,0,0,0,83479,1543879,0,0,1543879,352904,1040975
63,ASISTENTE DE FILA PERCUSION,M,Administración,Asistente de Fila,1703730,28750,28750,0,0,0,0,212968,0,83479,2057677,263050,0,2320727,474792,1845935
64,MUSICO ASISTENTE  DE FILA DE FLAUTA,M,Orquesta,Administrativo,1300000,0,0,0,0,0,0,0,0,0,1300000,319972,0,1619972,232708,1387264
65,MUSICO TUTTI CONTRABAJO,M,Orquesta,Tutti,1723653,25855,25855,25855,0,0,0,0,0,83479,1884697,263050,0,2147747,420598,1577149
66,MUSICO  VIOLINISTA TUTTI,M,Orquesta,Tutti,1723653,25855,25855,25855,0,0,0,0,0,83479,1884697,214537,0,2099234,413591,1685643
67,DIRECTOR TITULAR DE LA ORQUESTA,M,Dirección Musical,Director,1105786,0,0,0,0,0,0,0,0,0,1105786,0,0,1105786,200811,904975
68,TECNICO EN ILUMINACION,M,Administración,Administrativo,926051,17434,17434,17434,236211,0,0,0,1357194,83479,2655237,0,108834,2764071,561715,2202356
69,COORDINADOR ORQUESTA,M,Administración,Administrativo,995973,0,0,0,170684,0,0,0,52572,83479,1302708,0,0,1302708,266937,1035771
70,MUSICO TROMBON,M,Orquesta,Tutti,2144317,39884,39884,39884,0,0,0,514636,0,83479,2862084,286048,0,3148132,633718,2514414
71,CONCERTINO,M,Orquesta,Concertino,2832111,0,0,0,0,0,0,0,0,83479,2915590,236467,0,3152057,950105,2201952
72,MUSICO  VIOLINISTA TUTTI,F,Orquesta,Tutti,1321467,19822,19822,19822,0,0,0,0,0,83479,1464412,214537,0,1678949,207316,1471633
73,MUSICO TUTTI CONTRABAJO,M,Orquesta,Tutti,1710373,25656,25656,25656,0,0,0,0,0,83479,1870820,303867,0,2174687,1335105,839582
74,MUSICO TUTTI PERCUSION,M,Orquesta,Tutti,2144317,39884,39884,39884,0,0,0,0,0,83479,2347448,263050,0,2610498,437039,2173459
75,MUSICO  VIOLINISTA TUTTI,M,Orquesta,Tutti,1425311,21380,21380,21380,0,0,0,0,0,83479,1572930,236467,0,1809397,782496,1026901
